;CASAGRC1;BBVAC1;GLORIA;
2/01/2018;6.19;4.15;6.5;
3/01/2018;6.1;4.25;6.5;
4/01/2018;6;4.26;6.5;
5/01/2018;6.11;4.31;6.5;
8/01/2018;6.1;4.38;6.5;
9/01/2018;6.1;4.35;6.5;
10/01/2018;6.03;4.35;6.5;
11/01/2018;6.03;4.36;6.5;
12/01/2018;6.01;4.39;6.5;
16/01/2018;6.03;4.31;6.5;
17/01/2018;5.95;4.38;6.5;
18/01/2018;5.9;4.38;6.5;
19/01/2018;5.76;4.38;6.5;
22/01/2018;5.77;4.29;6.5;
23/01/2018;5.77;4.29;6.5;
24/01/2018;5.73;4.32;6.5;
25/01/2018;5.73;4.37;6.5;
26/01/2018;5.7;4.38;6.5;
29/01/2018;5.8;4.38;6.05;
30/01/2018;6;4.36;6.05;
31/01/2018;6;4.31;6.05;
1/02/2018;5.99;4.36;6.05;
2/02/2018;6;4.4;6.05;
5/02/2018;5.99;4.37;6.05;
6/02/2018;5.99;4.25;6.05;
7/02/2018;6;4.35;6.05;
8/02/2018;5.65;4.35;6.05;
9/02/2018;5.66;4.35;6.05;
12/02/2018;5.56;4.29;6.15;
13/02/2018;5.56;4.34;6.15;
14/02/2018;5.56;4.32;6.15;
15/02/2018;5.56;4.32;6.15;
16/02/2018;5.5;4.31;6.15;
19/02/2018;5.5;4.31;6.15;
20/02/2018;5.5;4.32;6.15;
21/02/2018;5.5;4.31;6.15;
22/02/2018;5.58;4.31;6.15;
23/02/2018;5.56;4.25;6.15;
26/02/2018;5.62;4.22;6.15;
27/02/2018;5.68;4.18;6.15;
28/02/2018;5.81;4.25;6.15;
1/03/2018;5.63;4.25;6.15;
2/03/2018;5.63;4.25;6.15;
5/03/2018;5.69;4.35;6.15;
6/03/2018;5.69;4.3;6.15;
7/03/2018;5.69;4.25;6.15;
8/03/2018;5.69;4.35;6.15;
9/03/2018;5.63;4.35;6.07;
12/03/2018;5.63;4.39;6.08;
13/03/2018;5.55;4.35;6.08;
14/03/2018;5.55;4.35;6.08;
15/03/2018;5.55;4.35;6.08;
16/03/2018;5.55;4.21;6.08;
19/03/2018;5.5;4.2;6.08;
20/03/2018;5.37;4.2;6.08;
21/03/2018;5.45;4.12;6.08;
22/03/2018;5.42;4.15;6.08;
23/03/2018;5.4;4.25;6.08;
26/03/2018;5.5;4.26;6.08;
27/03/2018;5.5;4.25;6;
28/03/2018;5.57;4.3;6;
2/04/2018;5.6;4.35;6;
3/04/2018;5.45;4.4;6;
4/04/2018;5.45;4.4;6;
5/04/2018;5.55;4.49;6;
6/04/2018;5.45;4.5;6;
9/04/2018;5.4;4.5;6;
10/04/2018;5.4;4.5;6;
11/04/2018;5.45;4.45;7;
12/04/2018;5.45;4.44;7;
16/04/2018;5.45;4.42;7;
17/04/2018;5.5;4.42;7;
18/04/2018;5.6;4.34;7;
19/04/2018;5.5;4.34;7;
20/04/2018;5.6;4.35;7;
23/04/2018;5.65;4.35;7.1;
24/04/2018;5.6;4.45;7.55;
25/04/2018;5.6;4.39;7.55;
26/04/2018;5.45;4.48;7.55;
27/04/2018;5.75;4.5;8.02;
30/04/2018;5.55;4.5;8.02;
2/05/2018;5.53;4.5;8.02;
3/05/2018;5.4;4.54;8.02;
4/05/2018;5.22;4.54;8;
7/05/2018;5.2;4.5;8;
8/05/2018;5.2;4.56;7.37;
9/05/2018;5.2;4.55;7.37;
10/05/2018;5.01;4.57;7.37;
11/05/2018;5.1;4.55;7.37;
14/05/2018;5.25;4.56;7.37;
15/05/2018;5.25;4.55;7.37;
16/05/2018;5.19;4.56;7.37;
17/05/2018;5.3;4.56;7.37;
18/05/2018;5.35;4.5;7.37;
21/05/2018;5.3;4.45;7.37;
22/05/2018;5.3;4.5;7.37;
23/05/2018;5.35;4.49;7.37;
24/05/2018;5.3;4.52;7.37;
25/05/2018;5.25;4.55;7.37;
28/05/2018;5.3;4.5;7.38;
29/05/2018;5.3;4.54;7.38;
30/05/2018;5.3;4.5;7.38;
31/05/2018;5.3;4.45;7.38;
1/06/2018;5.19;4.46;7.38;
4/06/2018;5.17;4.55;7.38;
5/06/2018;5.01;4.64;7.38;
6/06/2018;5.01;4.65;7.38;
7/06/2018;5;4.6;7.38;
8/06/2018;5;4.55;7.38;
11/06/2018;5.01;4.55;7.38;
12/06/2018;5;4.54;7.38;
13/06/2018;5;4.56;7.38;
14/06/2018;5;4.6;7.38;
15/06/2018;5;4.56;7.38;
18/06/2018;5;4.58;7.38;
19/06/2018;5;4.62;7.38;
20/06/2018;5;4.18;7.38;
21/06/2018;5;4.23;7.38;
22/06/2018;4.95;4.2;7.38;
25/06/2018;4.73;4.27;7.39;
26/06/2018;4.34;4.14;7.39;
27/06/2018;4.25;4.2;7.39;
28/06/2018;4.2;4.25;7.39;
2/07/2018;4.18;4.17;7.39;
3/07/2018;4.12;4.2;7.39;
4/07/2018;4.08;4.21;7.39;
5/07/2018;4.08;4.19;7.39;
6/07/2018;3.96;4.12;7.39;
9/07/2018;4.01;4.1;7.39;
10/07/2018;4.15;4.1;7.39;
11/07/2018;4.15;4.1;7.4;
12/07/2018;4;4.1;7.4;
13/07/2018;4;4.24;7.4;
16/07/2018;4;4.24;7.4;
17/07/2018;4;4.24;7.4;
18/07/2018;4.15;4.15;7.4;
19/07/2018;4.16;4.15;7.89;
20/07/2018;4.2;4.15;7.89;
23/07/2018;4.19;4.17;7.4;
24/07/2018;4.35;4.25;7.4;
25/07/2018;4.35;4.2;7.4;
26/07/2018;4.25;4.2;7.4;
27/07/2018;4.21;4.1;7.4;
30/07/2018;4.23;4.1;7.4;
31/07/2018;4.23;4.15;7.4;
1/08/2018;4.18;4.15;7.4;
2/08/2018;4.18;4.15;7.4;
3/08/2018;4.18;4.1;7.4;
6/08/2018;4.1;4.11;7.4;
7/08/2018;4;4.11;7.4;
8/08/2018;3.85;4.1;7.4;
9/08/2018;3.85;4.1;7.3;
10/08/2018;3.86;4.05;7.3;
13/08/2018;3.8;4.05;7.3;
14/08/2018;3.8;4.03;7.3;
15/08/2018;3.8;4.05;7.3;
16/08/2018;3.7;4.03;7.3;
17/08/2018;3.8;4.06;7.3;
20/08/2018;3.8;4.09;7.3;
21/08/2018;3.8;4.09;7.3;
22/08/2018;3.8;4.1;7.3;
23/08/2018;3.8;4.1;7;
24/08/2018;3.8;4.1;7;
27/08/2018;3.79;4.11;7;
28/08/2018;3.79;4.15;7;
29/08/2018;3.9;4.07;7;
31/08/2018;3.9;4.1;7;
3/09/2018;3.9;4.2;7;
4/09/2018;3.9;4.24;7;
5/09/2018;3.7;4.1;7;
6/09/2018;3.7;4.16;7;
7/09/2018;3.6;4.14;7;
10/09/2018;3.7;4.16;7;
11/09/2018;3.8;4.16;7;
12/09/2018;3.9;4.16;7;
13/09/2018;3.9;4.12;7;
14/09/2018;3.6;4.09;7;
17/09/2018;3.65;4.05;7;
18/09/2018;3.65;4;7;
19/09/2018;3.65;4;7;
20/09/2018;3.9;4;7;
21/09/2018;3.8;4.05;7;
24/09/2018;3.8;4.05;7;
25/09/2018;3.8;4;7;
26/09/2018;3.9;3.97;7;
27/09/2018;3.9;3.97;7;
28/09/2018;3.85;3.98;7;
1/10/2018;3.85;3.98;7;
2/10/2018;4;3.98;7;
3/10/2018;4;3.99;7;
4/10/2018;4.15;3.98;7;
5/10/2018;4.15;3.98;7;
9/10/2018;4;3.98;7;
10/10/2018;4;3.93;7;
11/10/2018;3.9;3.95;7;
12/10/2018;3.9;3.95;7;
15/10/2018;4;3.95;7;
16/10/2018;4;3.98;7;
17/10/2018;4;3.98;7.08;
18/10/2018;3.95;3.98;7;
19/10/2018;3.93;3.98;7;
22/10/2018;3.75;3.99;7;
23/10/2018;3.79;4.04;7;
24/10/2018;3.75;4.05;7;
25/10/2018;3.75;4.07;7;
26/10/2018;3.75;4;7;
29/10/2018;3.75;3.99;7;
30/10/2018;3.85;3.99;7;
31/10/2018;3.85;3.98;7;
2/11/2018;3.85;3.96;7;
5/11/2018;3.8;3.98;7;
6/11/2018;3.8;3.95;7;
7/11/2018;3.9;3.88;7;
8/11/2018;3.9;3.86;7;
9/11/2018;3.9;3.85;7;
12/11/2018;3.9;3.8;7;
13/11/2018;3.9;3.75;7;
14/11/2018;3.89;3.68;7;
15/11/2018;3.9;3.67;7;
16/11/2018;3.95;3.95;7;
19/11/2018;4;3.89;6.9;
20/11/2018;4;3.85;6.9;
21/11/2018;4;3.7;6.9;
22/11/2018;4.1;3.7;6.9;
23/11/2018;4;3.8;6.9;
26/11/2018;4;3.83;6.9;
27/11/2018;4.1;3.85;6.9;
28/11/2018;4;3.84;6.9;
29/11/2018;4.1;3.9;6.9;
30/11/2018;4.09;3.91;6.9;
3/12/2018;4.08;3.91;6.9;
4/12/2018;4.08;3.9;6.9;
5/12/2018;4.08;3.9;6.9;
6/12/2018;4.08;3.9;6.9;
7/12/2018;4;3.9;6.9;
10/12/2018;4;3.95;6.9;
11/12/2018;4;3.91;6.9;
12/12/2018;4;3.9;6.9;
13/12/2018;4;3.95;6.9;
14/12/2018;3.95;3.95;6.9;
17/12/2018;3.94;3.95;6.9;
18/12/2018;3.93;3.95;6.9;
19/12/2018;3.92;3.95;6.9;
20/12/2018;3.92;3.95;6.9;
21/12/2018;3.8;3.95;6.9;
24/12/2018;3.7;3.87;6.9;
26/12/2018;3.8;3.87;6.9;
27/12/2018;3.9;3.87;6.9;
28/12/2018;4.06;3.9;6.9;
31/12/2018;4.06;3.95;6.9;
2/01/2019;4.06;3.95;6.9;
3/01/2019;4.06;3.9;6.9;
4/01/2019;4.06;3.85;6.9;
7/01/2019;4.06;3.85;6.9;
8/01/2019;4.11;3.75;6.9;
9/01/2019;4.11;3.7;6.9;
10/01/2019;4.11;3.8;6.9;
11/01/2019;4.11;3.85;6.9;
14/01/2019;4.11;3.8;6.9;
15/01/2019;4.11;3.8;6.9;
16/01/2019;4.1;3.82;6.9;
17/01/2019;4.1;3.82;6.9;
18/01/2019;4.11;3.85;6.9;
21/01/2019;4.1;3.8;6.9;
22/01/2019;4.1;3.8;6.9;
23/01/2019;4.09;3.8;6.9;
24/01/2019;3.99;3.8;6.9;
25/01/2019;3.95;3.82;6.9;
28/01/2019;3.95;3.82;6.9;
29/01/2019;3.95;3.8;6.9;
30/01/2019;4;3.8;6.9;
31/01/2019;4;3.8;6.9;
1/02/2019;4.1;3.85;6.9;
4/02/2019;4;3.9;6.9;
5/02/2019;4;3.88;6.9;
6/02/2019;4;3.88;6.9;
7/02/2019;4;3.9;6.9;
8/02/2019;4;3.95;6.9;
11/02/2019;3.99;3.95;6.9;
12/02/2019;3.98;3.89;6.9;
13/02/2019;4;3.89;6.9;
14/02/2019;3.99;3.89;6.9;
15/02/2019;4;3.8;6.9;
18/02/2019;3.95;3.81;6.9;
19/02/2019;3.95;3.8;6.9;
20/02/2019;3.94;3.8;6.9;
21/02/2019;3.95;3.8;6.9;
22/02/2019;3.93;3.8;6.9;
25/02/2019;3.92;3.8;6.9;
26/02/2019;3.92;3.72;6.9;
27/02/2019;3.93;3.72;6.9;
28/02/2019;3.95;3.74;6.9;
1/03/2019;4;3.88;6.9;
4/03/2019;4;3.9;6.9;
5/03/2019;4;3.9;6.9;
6/03/2019;4;3.95;6.9;
7/03/2019;3.98;3.9;6.9;
8/03/2019;4;3.94;6.9;
11/03/2019;3.98;3.9;6.9;
12/03/2019;3.99;3.86;6.9;
13/03/2019;3.98;3.89;6.9;
14/03/2019;3.95;3.9;6.9;
15/03/2019;3.99;3.9;6.9;
18/03/2019;3.99;3.94;6.9;
19/03/2019;3.99;4;6.9;
20/03/2019;3.99;4.04;6.9;
21/03/2019;4;3.98;6.9;
22/03/2019;4;3.99;6.9;
25/03/2019;4.02;3.98;6.9;
26/03/2019;3.99;3.99;6.9;
27/03/2019;3.95;4;6.9;
28/03/2019;3.96;3.99;6.9;
29/03/2019;4;3.99;6.9;
1/04/2019;3.99;3.99;6.9;
2/04/2019;3.94;3.95;6.9;
3/04/2019;3.99;3.85;6.5;
4/04/2019;3.99;3.9;6.5;
5/04/2019;4;4;6.5;
8/04/2019;3.99;4.1;6.5;
9/04/2019;4;4.13;6.5;
10/04/2019;4;4.1;6.5;
11/04/2019;4;4.1;6.5;
12/04/2019;4;3.94;6.14;
15/04/2019;3.95;3.94;6.14;
16/04/2019;3.95;3.9;6.14;
17/04/2019;3.94;3.86;6.14;
22/04/2019;3.93;3.9;6.14;
23/04/2019;3.93;3.9;6.14;
24/04/2019;3.93;3.88;6.14;
25/04/2019;3.93;3.8;6.14;
26/04/2019;3.93;3.86;6.14;
29/04/2019;3.92;3.9;6.14;
30/04/2019;3.9;3.9;6.14;
2/05/2019;3.65;3.82;6.14;
3/05/2019;3.45;3.83;6.14;
6/05/2019;3.4;3.86;6.14;
7/05/2019;3.65;3.9;6.14;
8/05/2019;3.65;3.86;6.14;
9/05/2019;3.64;3.86;6.14;
10/05/2019;3.59;3.8;6.14;
13/05/2019;3.57;3.8;6.14;
14/05/2019;3.48;3.79;6.14;
15/05/2019;3.43;3.7;6.14;
16/05/2019;3.43;3.75;6.14;
17/05/2019;3.43;3.7;6.14;
20/05/2019;3.4;3.65;6.14;
21/05/2019;3.4;3.6;6.14;
22/05/2019;3.4;3.69;6.14;
23/05/2019;3.38;3.64;6.14;
24/05/2019;3.37;3.68;6.14;
27/05/2019;3.37;3.66;6.14;
28/05/2019;3.38;3.66;6.14;
29/05/2019;3.37;3.66;6.14;
30/05/2019;3.37;3.66;6.14;
31/05/2019;3.25;3.64;6.13;
3/06/2019;3.25;3.64;6.13;
4/06/2019;3.25;3.7;6.13;
5/06/2019;3.05;3.7;6.13;
6/06/2019;3.25;3.7;6.13;
7/06/2019;3.25;3.7;6.13;
10/06/2019;3.3;3.7;6.13;
11/06/2019;3.3;3.7;6.13;
12/06/2019;3.4;3.65;6.13;
13/06/2019;3.39;3.7;6.13;
14/06/2019;3.38;3.72;6.13;
17/06/2019;3.37;3.7;6.13;
18/06/2019;3.37;3.7;6.13;
19/06/2019;3.34;3.7;6.13;
20/06/2019;3.35;3.7;6.13;
21/06/2019;3.36;3.75;6.13;
24/06/2019;3.36;3.8;6.13;
25/06/2019;3.36;3.8;6.13;
26/06/2019;3.34;3.78;6.13;
27/06/2019;3.29;3.72;6.13;
28/06/2019;3.3;3.78;6.13;
1/07/2019;3.3;3.74;6.13;
2/07/2019;3.31;3.74;6.13;
3/07/2019;3.31;3.73;6;
4/07/2019;3.29;3.42;6;
5/07/2019;3.29;3.42;6;
8/07/2019;3.31;3.42;6;
9/07/2019;3.3;3.4;6;
10/07/2019;3.31;3.35;6;
11/07/2019;3.3;3.38;6;
12/07/2019;3.3;3.31;6;
15/07/2019;3.3;3.42;6;
16/07/2019;3.24;3.4;6;
17/07/2019;3.24;3.49;6;
18/07/2019;3.24;3.44;6;
19/07/2019;3.24;3.4;6;
22/07/2019;3.34;3.41;6;
23/07/2019;3.38;3.42;5.79;
24/07/2019;3.37;3.41;5.79;
25/07/2019;3.37;3.4;5.79;
26/07/2019;3.3;3.4;5.79;
30/07/2019;3.3;3.4;5.79;
31/07/2019;3.3;3.4;5.79;
1/08/2019;3.29;3.33;5.79;
2/08/2019;3.29;3.27;5.79;
5/08/2019;3.29;3.23;5.5;
6/08/2019;3.27;3.22;5.5;
7/08/2019;3.25;3.3;5.5;
8/08/2019;3.25;3.3;5.5;
9/08/2019;3.25;3.27;5.5;
12/08/2019;3.25;3.26;5.5;
13/08/2019;3.25;3.26;5.5;
14/08/2019;3.25;3.26;5.5;
15/08/2019;3.25;3.22;5.5;
16/08/2019;3.25;3.23;5.5;
19/08/2019;3.25;3.23;5.5;
20/08/2019;3.24;3.25;5.5;
21/08/2019;3.23;3.22;5.5;
22/08/2019;3.18;3.22;5.5;
23/08/2019;3.17;3.22;5.5;
26/08/2019;3.17;3.22;5.5;
27/08/2019;3.16;3.25;5.5;
28/08/2019;3.16;3.25;5.5;
29/08/2019;3.16;3.24;5.5;
2/09/2019;3.16;3.25;5.5;
3/09/2019;3.16;3.23;5.5;
4/09/2019;3.16;3.23;5.5;
5/09/2019;3.16;3.23;5.5;
6/09/2019;3.16;3.25;5.9;
9/09/2019;3.14;3.3;5.9;
10/09/2019;3.14;3.28;5.9;
11/09/2019;3.14;3.28;5.9;
12/09/2019;3.12;3.25;5.9;
13/09/2019;3.09;3.3;5.9;
16/09/2019;3.11;3.37;5.9;
17/09/2019;3.09;3.37;5.9;
18/09/2019;3.09;3.36;5.9;
19/09/2019;3.12;3.3;5.9;
20/09/2019;3.12;3.28;5.9;
23/09/2019;3.12;3.26;5.9;
24/09/2019;3.12;3.3;5.9;
25/09/2019;3.12;3.28;5.2;
26/09/2019;3.14;3.27;5.2;
27/09/2019;3.16;3.25;5.2;
30/09/2019;3.24;3.24;5.2;
1/10/2019;3.31;3.24;5.2;
2/10/2019;3.25;3.24;5.2;
3/10/2019;3.25;3.24;5.2;
4/10/2019;3.15;3.25;5.2;
7/10/2019;3.12;3.25;5.2;
9/10/2019;3;3.25;5.2;
10/10/2019;3;3.22;5.2;
11/10/2019;3;3.21;5;
14/10/2019;3;3.3;5;
15/10/2019;3;3.25;5;
16/10/2019;3.03;3.28;5;
17/10/2019;3.03;3.28;5;
18/10/2019;3.03;3.25;5.2;
21/10/2019;3.03;3.3;5.2;
22/10/2019;2.96;3.32;5.2;
23/10/2019;2.96;3.33;5.2;
24/10/2019;2.96;3.34;5.2;
25/10/2019;2.96;3.36;5.2;
28/10/2019;2.94;3.4;5.2;
29/10/2019;2.98;3.45;5.2;
30/10/2019;2.98;3.5;5.2;
31/10/2019;2.97;3.5;5.2;
4/11/2019;2.97;3.5;5.2;
5/11/2019;3;3.5;5.2;
6/11/2019;3;3.48;5.1;
7/11/2019;3;3.48;5.1;
8/11/2019;3;3.45;5.1;
11/11/2019;2.8;3.44;5.1;
12/11/2019;2.7;3.5;5.05;
13/11/2019;2.8;3.45;5.05;
14/11/2019;2.69;3.44;5.05;
15/11/2019;2.51;3.44;5;
18/11/2019;2.51;3.44;5;
19/11/2019;2.6;3.44;5;
20/11/2019;2.59;3.4;5;
21/11/2019;2.6;3.4;5;
22/11/2019;2.6;3.4;5.1;
25/11/2019;2.6;3.36;5.1;
26/11/2019;2.6;3.35;5.1;
27/11/2019;2.6;3.35;5.1;
28/11/2019;2.51;3.35;5.3;
29/11/2019;2.51;3.35;5.3;
2/12/2019;2.6;3.36;5.3;
3/12/2019;2.6;3.36;5.3;
4/12/2019;2.6;3.37;5.55;
5/12/2019;2.52;3.36;5.55;
6/12/2019;2.52;3.37;5.55;
9/12/2019;2.6;3.4;5.55;
10/12/2019;2.7;3.4;5.7;
11/12/2019;2.7;3.4;5.7;
12/12/2019;2.8;3.37;5.7;
13/12/2019;2.8;3.37;5.7;
16/12/2019;2.8;3.37;5.7;
17/12/2019;2.8;3.37;5.7;
18/12/2019;2.8;3.35;5.7;
19/12/2019;2.8;3.35;5.7;
20/12/2019;2.8;3.38;5.7;
23/12/2019;2.8;3.38;5.7;
24/12/2019;2.9;3.42;5.7;
26/12/2019;3;3.42;5.7;
27/12/2019;3;3.5;5.7;
30/12/2019;3;3.5;5.7;
31/12/2019;3;3.5;5.7;
2/01/2020;3.03;3.43;5.7;
3/01/2020;3.03;3.45;5.7;
6/01/2020;3.15;3.45;5.7;
7/01/2020;3.1;3.45;5.9;
8/01/2020;3;3.42;5.9;
9/01/2020;3;3.45;5.9;
10/01/2020;3;3.45;5.9;
13/01/2020;2.9;3.45;5.9;
14/01/2020;3;3.4;5.9;
15/01/2020;3.1;3.45;5.9;
16/01/2020;3.1;3.44;6;
17/01/2020;3.05;3.42;6;
20/01/2020;2.98;3.43;6;
21/01/2020;2.97;3.44;6;
22/01/2020;2.97;3.44;6;
23/01/2020;2.97;3.5;6;
24/01/2020;3.04;3.47;6;
27/01/2020;3;3.44;6;
28/01/2020;3;3.42;6;
29/01/2020;2.95;3.45;6;
30/01/2020;2.95;3.45;6;
31/01/2020;3;3.45;6;
3/02/2020;2.91;3.4;6;
4/02/2020;2.91;3.38;6;
5/02/2020;3;3.37;6;
6/02/2020;3;3.45;6;
7/02/2020;2.91;3.44;6;
10/02/2020;2.91;3.44;6;
11/02/2020;2.91;3.44;6;
12/02/2020;2.9;3.39;6;
13/02/2020;2.91;3.35;6;
14/02/2020;2.91;3.35;6;
17/02/2020;2.91;3.37;6;
18/02/2020;2.91;3.37;6;
19/02/2020;3.05;3.4;6;
20/02/2020;3.2;3.4;6;
21/02/2020;3.2;3.41;6;
24/02/2020;3.2;3.41;6.3;
25/02/2020;3.2;3.36;6;
26/02/2020;3.05;3.36;6;
27/02/2020;3.05;3.37;6;
28/02/2020;2.95;3.35;6;
2/03/2020;2.87;3.3;6;
3/03/2020;2.8;3.3;6;
4/03/2020;2.87;3.29;6;
5/03/2020;2.95;3.3;6;
6/03/2020;2.88;3.3;6;
9/03/2020;2.72;3.25;6;
10/03/2020;2.6;3.2;6;
11/03/2020;2.57;3.2;6;
12/03/2020;2.57;3.15;6;
13/03/2020;2.55;2.9;6;
16/03/2020;2.55;3.05;6;
17/03/2020;2.4;2.8;6;
18/03/2020;2.4;2.79;6;
19/03/2020;2.2;2.5;6;
20/03/2020;2.2;2.45;6;
23/03/2020;2.1;2.5;6;
24/03/2020;2.2;2.4;6;
25/03/2020;2.35;2.34;6;
26/03/2020;2.2;2.45;6;
27/03/2020;2.2;2.5;6;
30/03/2020;2.2;2.35;6;
31/03/2020;2.2;2.27;6;
1/04/2020;2.29;2.35;6;
2/04/2020;2.29;2.32;6;
3/04/2020;2.29;2.32;6;
6/04/2020;2.2;2.27;6;
7/04/2020;2.2;2.25;6;
8/04/2020;2.11;2.42;6;
13/04/2020;2.12;2.42;6;
14/04/2020;2.12;2.42;6;
15/04/2020;2.12;2.42;6;
16/04/2020;2.2;2.42;6;
17/04/2020;2.2;2.42;6;
20/04/2020;2.3;2.45;6;
21/04/2020;2.3;2.45;5.89;
22/04/2020;2.3;2.4;5.89;
23/04/2020;2.3;2.4;5.89;
24/04/2020;2.3;2.4;5.89;
27/04/2020;2.3;2.35;5.89;
28/04/2020;2.31;2.35;5.89;
29/04/2020;2.32;2.36;5.89;
30/04/2020;2.32;2.4;5.89;
4/05/2020;2.32;2.39;5.89;
5/05/2020;2.4;2.39;5.89;
6/05/2020;2.4;2.39;5.89;
7/05/2020;2.75;2.42;5.89;
8/05/2020;3.1;2.45;5.89;
11/05/2020;2.72;2.5;5.89;
12/05/2020;2.8;2.5;5.89;
13/05/2020;2.8;2.62;5.89;
14/05/2020;2.76;2.58;5.89;
15/05/2020;2.75;2.58;5.89;
18/05/2020;3;2.55;5.89;
19/05/2020;3;2.59;5.89;
20/05/2020;3;2.6;5.89;
21/05/2020;3;2.61;5.89;
22/05/2020;3;2.62;5.89;
25/05/2020;3;2.61;5.89;
26/05/2020;2.9;2.63;5.89;
27/05/2020;2.9;2.67;5.89;
28/05/2020;2.9;2.69;5.89;
29/05/2020;2.9;2.69;5.9;
1/06/2020;2.9;2.67;5.9;
2/06/2020;2.9;2.67;5.9;
3/06/2020;2.9;2.57;5.9;
4/06/2020;2.95;2.61;6;
5/06/2020;3;2.61;6;
8/06/2020;3;2.63;6;
9/06/2020;3;2.65;6;
10/06/2020;2.99;2.69;6;
11/06/2020;2.95;2.72;6;
12/06/2020;2.9;2.6;6;
15/06/2020;2.9;2.63;6;
16/06/2020;2.9;2.6;6;
17/06/2020;2.9;2.65;6;
18/06/2020;2.9;2.65;6;
19/06/2020;2.9;2.65;6;
22/06/2020;2.95;2.65;6;
23/06/2020;3;2.65;6;
24/06/2020;3;2.67;6;
25/06/2020;2.9;2.7;6;
26/06/2020;2.9;2.7;6;
30/06/2020;2.95;2.66;6;
1/07/2020;2.95;2.7;6;
2/07/2020;3;2.6;6;
3/07/2020;3;2.66;6;
6/07/2020;3;2.66;6;
7/07/2020;2.9;2.66;6;
8/07/2020;2.9;2.62;6;
9/07/2020;2.99;2.59;6;
10/07/2020;2.95;2.5;6;
13/07/2020;2.9;2.4;6.01;
14/07/2020;2.9;2.38;6.01;
15/07/2020;2.9;2.35;6.01;
16/07/2020;2.9;2.35;6.01;
17/07/2020;2.9;2.35;6.01;
20/07/2020;2.9;2.35;6.01;
21/07/2020;2.95;2.36;6.01;
22/07/2020;2.95;2.45;6.01;
23/07/2020;2.91;2.48;6.01;
24/07/2020;2.91;2.49;6.01;
27/07/2020;2.91;2.49;6.01;
29/07/2020;2.91;2.5;6.01;
30/07/2020;2.92;2.54;6.01;
31/07/2020;2.97;2.5;6.01;
3/08/2020;2.97;2.47;6.01;
4/08/2020;2.97;2.4;6.01;
5/08/2020;2.97;2.41;6.01;
6/08/2020;3.01;2.4;6.01;
7/08/2020;3.01;2.4;6.01;
10/08/2020;3.03;2.39;6.01;
11/08/2020;3;2.37;6.01;
12/08/2020;3;2.37;6.01;
13/08/2020;3;2.37;5.82;
14/08/2020;3.35;2.36;5.82;
17/08/2020;3.48;2.35;5.82;
18/08/2020;3.6;2.38;5.82;
19/08/2020;3.65;2.41;5.82;
20/08/2020;3.52;2.4;5.82;
21/08/2020;3.49;2.4;5.82;
24/08/2020;3.49;2.4;5.82;
25/08/2020;3.3;2.35;5.82;
26/08/2020;3.3;2.38;5.82;
27/08/2020;3.3;2.43;6.3;
28/08/2020;3.3;2.39;6.3;
31/08/2020;3.4;2.35;6.3;
1/09/2020;3.49;2.34;6.3;
2/09/2020;3.55;2.37;6.3;
3/09/2020;3.55;2.34;6.3;
4/09/2020;3.55;2.32;6.3;
7/09/2020;3.55;2.32;6.3;
8/09/2020;3.3;2.32;6.2;
9/09/2020;3.38;2.36;6.2;
10/09/2020;3.38;2.44;6.2;
11/09/2020;3.35;2.48;6.2;
14/09/2020;3.4;2.45;6.2;
15/09/2020;3.4;2.45;6.2;
16/09/2020;3.4;2.45;6.2;
17/09/2020;3.42;2.45;6.2;
18/09/2020;3.42;2.39;6.2;
21/09/2020;3.5;2.38;6.2;
22/09/2020;3.46;2.34;6.2;
23/09/2020;3.46;2.33;6.2;
24/09/2020;3.41;2.33;6.2;
25/09/2020;3.47;2.35;6.2;
28/09/2020;3.47;2.38;6.2;
29/09/2020;3.47;2.38;6.2;
30/09/2020;3.61;2.41;6.2;
1/10/2020;3.61;2.41;6.2;
2/10/2020;3.66;2.41;6.2;
5/10/2020;3.8;2.42;6.2;
6/10/2020;3.8;2.4;6.2;
7/10/2020;3.81;2.38;6.2;
8/10/2020;3.85;2.38;6.2;
9/10/2020;4.05;2.36;6.2;
12/10/2020;4;2.33;6.2;
13/10/2020;4;2.33;6.2;
14/10/2020;4.1;2.33;6.2;
15/10/2020;4.1;2.33;6.2;
16/10/2020;4.17;2.35;6.2;
19/10/2020;4.2;2.37;6.2;
20/10/2020;4.2;2.37;6.2;
21/10/2020;4.3;2.4;6.2;
22/10/2020;4.6;2.36;6.2;
23/10/2020;4.75;2.35;6.2;
26/10/2020;4.9;2.35;6.2;
27/10/2020;4.91;2.33;6.2;
28/10/2020;4.91;2.1;6.2;
29/10/2020;4.85;2.05;6.2;
30/10/2020;5;2.05;6.2;
2/11/2020;5;2.06;6.2;
3/11/2020;5;2.03;6.45;
4/11/2020;4.9;2.03;6.45;
5/11/2020;4.9;2.03;6.45;
6/11/2020;4.8;2.09;6.45;
9/11/2020;4.78;2.1;6.45;
10/11/2020;4.6;2.4;6.45;
11/11/2020;4.47;2.38;6.45;
12/11/2020;4.39;2.25;6.45;
13/11/2020;4.8;2.22;6.45;
16/11/2020;4.8;2.15;6.45;
17/11/2020;4.9;2.15;6.45;
18/11/2020;5.08;2.13;6.45;
19/11/2020;5.2;2.14;6.45;
20/11/2020;5.4;2.15;6.45;
23/11/2020;5.32;2.15;6.45;
24/11/2020;5.12;2.14;6.45;
25/11/2020;5.12;2.24;6.45;
26/11/2020;5.12;2.25;6.45;
27/11/2020;5.2;2.24;6.45;
30/11/2020;5.05;2.26;6.45;
1/12/2020;5.51;2.3;6.45;
2/12/2020;5.91;2.34;6.45;
3/12/2020;6.1;2.3;6.45;
4/12/2020;6.11;2.32;6.45;
7/12/2020;6.12;2.3;6.45;
9/12/2020;6.2;2.3;6.45;
10/12/2020;5.8;2.32;6.6;
11/12/2020;5.77;2.3;7;
14/12/2020;5.99;2.28;7;
15/12/2020;5.99;2.28;7;
16/12/2020;5.55;2.28;7;
17/12/2020;5.5;2.25;7;
18/12/2020;5.5;2.23;7;
21/12/2020;5.5;2.2;7;
22/12/2020;5.5;2.17;7;
23/12/2020;5.5;2.19;7;
24/12/2020;5.38;2.2;7.4;
28/12/2020;5.38;2.17;7.4;
29/12/2020;5.38;2.17;7.4;
30/12/2020;5.38;2.17;7.4;
